gene_id	selected
ENSDARG00000063924	0
ENSDARG00000028663	0
ENSDARG00000088634	0
ENSDARG00000058996	0
ENSDARG00000098696	0
ENSDARG00000104831	0
ENSDARG00000051783	1
ENSDARG00000097302	0
ENSDARG00000063207	0
ENSDARG00000019360	0
ENSDARG00000076995	0
ENSDARG00000090035	0
ENSDARG00000011400	0
ENSDARG00000058732	0
ENSDARG00000016163	0
ENSDARG00000101175	0
ENSDARG00000096454	0
ENSDARG00000104279	0
ENSDARG00000067626	0
ENSDARG00000019743	0
ENSDARG00000037639	0
ENSDARG00000101032	0
ENSDARG00000091481	0
ENSDARG00000041065	0
ENSDARG00000101635	0
ENSDARG00000100422	0
ENSDARG00000096963	1
ENSDARG00000097772	1
ENSDARG00000041421	0
ENSDARG00000093431	0
ENSDARG00000037640	0
ENSDARG00000024561	0
ENSDARG00000017927	0
ENSDARG00000099108	0
ENSDARG00000041619	0
ENSDARG00000101180	0
ENSDARG00000039543	0
ENSDARG00000024479	0
ENSDARG00000018272	0
ENSDARG00000011201	1
ENSDARG00000020527	0
ENSDARG00000008986	0
ENSDARG00000022939	0
ENSDARG00000071288	0
ENSDARG00000078060	0
ENSDARG00000068515	0
ENSDARG00000101892	0
ENSDARG00000011837	0
ENSDARG00000019709	0
ENSDARG00000063538	0
ENSDARG00000094799	0
ENSDARG00000003811	0
ENSDARG00000002791	0
ENSDARG00000038977	0
ENSDARG00000104227	0
ENSDARG00000078507	0
ENSDARG00000052910	0
ENSDARG00000105311	0
ENSDARG00000007892	0
ENSDARG00000012261	0
ENSDARG00000053455	0
ENSDARG00000012495	0
ENSDARG00000054355	0
ENSDARG00000102855	0
ENSDARG00000031228	0
ENSDARG00000100143	0
ENSDARG00000045574	0
ENSDARG00000036831	0
ENSDARG00000014994	0
ENSDARG00000070047	0
ENSDARG00000003757	0
ENSDARG00000070961	0
ENSDARG00000015314	1
ENSDARG00000070546	0
ENSDARG00000024167	0
ENSDARG00000068910	0
ENSDARG00000062198	0
ENSDARG00000044575	0
ENSDARG00000057626	0
ENSDARG00000017542	0
ENSDARG00000038151	0
ENSDARG00000005754	0
ENSDARG00000029482	0
ENSDARG00000102761	0
ENSDARG00000017425	0
ENSDARG00000025032	0
ENSDARG00000034610	0
ENSDARG00000062457	0
ENSDARG00000008947	0
ENSDARG00000077506	0
ENSDARG00000002403	0
ENSDARG00000021521	0
ENSDARG00000029146	0
ENSDARG00000042233	1
ENSDARG00000001803	0
ENSDARG00000056184	0
ENSDARG00000061095	0
ENSDARG00000045485	0
ENSDARG00000043586	0
ENSDARG00000099104	0
ENSDARG00000098375	1
ENSDARG00000097216	0
ENSDARG00000026806	0
ENSDARG00000015025	0
ENSDARG00000009550	0
ENSDARG00000044532	0
ENSDARG00000020332	0
ENSDARG00000053829	0
ENSDARG00000099732	0
ENSDARG00000033327	0
ENSDARG00000034817	0
ENSDARG00000099339	0
ENSDARG00000004861	0
ENSDARG00000029063	0
ENSDARG00000096594	0
ENSDARG00000038976	0
ENSDARG00000094454	0
ENSDARG00000005476	0
ENSDARG00000035634	0
ENSDARG00000019008	0
ENSDARG00000087538	0
ENSDARG00000071018	0
ENSDARG00000058128	0
ENSDARG00000035648	0
ENSDARG00000056986	0
ENSDARG00000059048	0
ENSDARG00000038113	0
ENSDARG00000016687	0
ENSDARG00000060683	0
ENSDARG00000003208	0
ENSDARG00000015404	0
ENSDARG00000012881	0
ENSDARG00000039310	0
ENSDARG00000012078	0
ENSDARG00000101540	0
ENSDARG00000091471	0
ENSDARG00000020625	0
ENSDARG00000014746	0
ENSDARG00000001785	0
ENSDARG00000098663	0
ENSDARG00000105230	0
ENSDARG00000104624	0
ENSDARG00000015854	0
ENSDARG00000097813	0
ENSDARG00000011989	0
ENSDARG00000060177	0
ENSDARG00000052556	0
ENSDARG00000071496	0
ENSDARG00000071497	0
ENSDARG00000100809	0
ENSDARG00000100494	0
ENSDARG00000079306	0
ENSDARG00000007231	0
ENSDARG00000008305	1
ENSDARG00000101831	1
ENSDARG00000006691	0
ENSDARG00000038867	0
ENSDARG00000080006	0
ENSDARG00000011222	0
ENSDARG00000004455	0
ENSDARG00000034534	0
ENSDARG00000012306	0
ENSDARG00000014083	0
ENSDARG00000077810	0
ENSDARG00000004680	0
ENSDARG00000079280	0
ENSDARG00000079779	0
ENSDARG00000020610	0
ENSDARG00000005482	0
ENSDARG00000039022	0
ENSDARG00000040621	0
ENSDARG00000058050	0
ENSDARG00000017762	0
ENSDARG00000101637	0
ENSDARG00000003287	0
ENSDARG00000077533	0
ENSDARG00000035338	0
ENSDARG00000017591	0
ENSDARG00000010784	0
ENSDARG00000009607	0
ENSDARG00000007216	0
ENSDARG00000104139	0
ENSDARG00000053744	0
ENSDARG00000015674	0
ENSDARG00000013853	1
ENSDARG00000090444	0
ENSDARG00000058820	0
ENSDARG00000052494	0
ENSDARG00000025859	0
ENSDARG00000007320	0
ENSDARG00000100519	0
ENSDARG00000044954	0
ENSDARG00000104353	0
ENSDARG00000077121	1
ENSDARG00000102824	0
ENSDARG00000001452	0
ENSDARG00000070795	0
ENSDARG00000016480	0
ENSDARG00000103515	0
ENSDARG00000060526	0
ENSDARG00000038612	0
ENSDARG00000076509	0
ENSDARG00000058815	0
ENSDARG00000038834	0
ENSDARG00000003382	0
ENSDARG00000054533	0
ENSDARG00000051854	0
ENSDARG00000095833	0
ENSDARG00000035563	0
ENSDARG00000054321	0
ENSDARG00000070109	0
ENSDARG00000060372	0
ENSDARG00000006603	0
ENSDARG00000037020	0
ENSDARG00000007370	0
ENSDARG00000018096	0
ENSDARG00000101543	0
ENSDARG00000014190	0
ENSDARG00000028148	0
ENSDARG00000029830	0
ENSDARG00000037488	0
ENSDARG00000007277	0
ENSDARG00000018004	0
ENSDARG00000012504	0
ENSDARG00000026476	0
ENSDARG00000054239	0
ENSDARG00000044811	0
ENSDARG00000017219	0
ENSDARG00000017905	0
ENSDARG00000089043	0
ENSDARG00000075842	0
ENSDARG00000011510	0
ENSDARG00000034568	0
ENSDARG00000037930	0
ENSDARG00000079217	0
ENSDARG00000046087	0
ENSDARG00000026225	0
ENSDARG00000068983	0
ENSDARG00000092170	0
ENSDARG00000069832	0
ENSDARG00000099045	0
ENSDARG00000071037	0
ENSDARG00000063054	0
ENSDARG00000103432	0
ENSDARG00000080010	0
ENSDARG00000020219	0
ENSDARG00000020143	0
ENSDARG00000062909	0
ENSDARG00000061923	0
ENSDARG00000012763	0
ENSDARG00000041449	0
ENSDARG00000030490	0
ENSDARG00000034785	0
ENSDARG00000023316	0
ENSDARG00000088124	0
ENSDARG00000021022	0
ENSDARG00000077126	0
ENSDARG00000003200	0
ENSDARG00000002213	0
ENSDARG00000063332	0
ENSDARG00000076128	0
ENSDARG00000098240	0
ENSDARG00000058105	0
ENSDARG00000102956	0
ENSDARG00000019902	0
ENSDARG00000036164	0
ENSDARG00000074535	0
ENSDARG00000070617	0
ENSDARG00000101385	0
ENSDARG00000007080	0
ENSDARG00000054980	0
ENSDARG00000032242	0
ENSDARG00000008803	0
ENSDARG00000101980	0
ENSDARG00000038024	0
ENSDARG00000075014	0
ENSDARG00000039521	0
ENSDARG00000015866	0
ENSDARG00000037560	0
ENSDARG00000011941	0
ENSDARG00000042590	0
ENSDARG00000017835	0
ENSDARG00000038386	0
ENSDARG00000020442	0
ENSDARG00000000943	0
ENSDARG00000092155	0
ENSDARG00000025212	0
ENSDARG00000006514	0
ENSDARG00000076924	0
ENSDARG00000071336	1
ENSDARG00000069723	0
ENSDARG00000027087	0
ENSDARG00000007916	0
ENSDARG00000057830	0
ENSDARG00000104815	0
ENSDARG00000062248	0
ENSDARG00000053240	0
ENSDARG00000054250	1
ENSDARG00000103025	0
ENSDARG00000032056	0
ENSDARG00000036542	1
ENSDARG00000102153	0
ENSDARG00000036427	0
ENSDARG00000026875	0
ENSDARG00000053058	0
ENSDARG00000004246	0
ENSDARG00000006353	0
ENSDARG00000105206	0
ENSDARG00000004726	1
ENSDARG00000086277	0
ENSDARG00000103313	0
ENSDARG00000036967	0
ENSDARG00000004851	0
ENSDARG00000027689	0
ENSDARG00000007425	0
ENSDARG00000077530	0
ENSDARG00000035535	0
ENSDARG00000037429	1
ENSDARG00000031915	0
ENSDARG00000063663	0
ENSDARG00000044056	0
ENSDARG00000091906	0
ENSDARG00000101903	0
ENSDARG00000036036	0
ENSDARG00000087554	0
ENSDARG00000068191	0
ENSDARG00000030602	1
ENSDARG00000037109	0
ENSDARG00000007257	0
ENSDARG00000011545	0
ENSDARG00000006911	0
ENSDARG00000059362	0
ENSDARG00000040159	0
ENSDARG00000087074	0
ENSDARG00000015449	0
ENSDARG00000075559	0
ENSDARG00000019549	0
ENSDARG00000070801	1
ENSDARG00000018902	1
ENSDARG00000039910	0
ENSDARG00000005058	0
ENSDARG00000055899	0
ENSDARG00000033259	0
ENSDARG00000053542	0
ENSDARG00000039959	0
ENSDARG00000069463	0
ENSDARG00000025535	0
ENSDARG00000033099	0
ENSDARG00000078904	0
ENSDARG00000040291	0
ENSDARG00000035427	0
ENSDARG00000088078	0
ENSDARG00000003592	0
ENSDARG00000058953	0
ENSDARG00000079011	0
ENSDARG00000018698	0
ENSDARG00000054942	0
ENSDARG00000033956	0
ENSDARG00000002128	0
ENSDARG00000031796	0
ENSDARG00000052826	0
ENSDARG00000057633	0
ENSDARG00000020235	0
ENSDARG00000003035	0
ENSDARG00000056206	0
ENSDARG00000076752	0
ENSDARG00000008142	0
ENSDARG00000070222	0
ENSDARG00000013963	0
ENSDARG00000031720	0
ENSDARG00000015266	0
ENSDARG00000044059	0
ENSDARG00000006566	0
ENSDARG00000058203	0
ENSDARG00000091777	0
ENSDARG00000056803	0
ENSDARG00000077293	0
ENSDARG00000037924	0
ENSDARG00000063026	0
ENSDARG00000068177	0
ENSDARG00000025581	0
ENSDARG00000016858	0
ENSDARG00000100729	0
ENSDARG00000020820	0
ENSDARG00000054003	0
ENSDARG00000032005	0
ENSDARG00000003961	1
ENSDARG00000040717	0
ENSDARG00000004706	0
ENSDARG00000031737	0
ENSDARG00000087330	0
ENSDARG00000011091	0
ENSDARG00000023396	0
ENSDARG00000053569	0
ENSDARG00000037514	0
ENSDARG00000053535	0
ENSDARG00000002601	0
ENSDARG00000011615	0
ENSDARG00000076010	0
ENSDARG00000018961	0
ENSDARG00000070686	0
ENSDARG00000035692	1
ENSDARG00000037153	0
ENSDARG00000091001	0
ENSDARG00000051923	0
ENSDARG00000020136	0
ENSDARG00000056292	0
ENSDARG00000051888	0
ENSDARG00000006389	0
ENSDARG00000096073	0
ENSDARG00000031875	0
ENSDARG00000090815	0
ENSDARG00000036282	0
ENSDARG00000023237	0
ENSDARG00000056228	0
ENSDARG00000052618	0
ENSDARG00000020924	0
ENSDARG00000074899	0
ENSDARG00000069423	0
ENSDARG00000002445	1
ENSDARG00000040031	0
ENSDARG00000005453	0
ENSDARG00000076163	0
ENSDARG00000020101	0
ENSDARG00000094992	0
ENSDARG00000020621	0
ENSDARG00000100725	0
ENSDARG00000052846	0
ENSDARG00000005972	0
ENSDARG00000002593	0
ENSDARG00000035350	0
ENSDARG00000098670	0
ENSDARG00000006272	0
ENSDARG00000021405	0
ENSDARG00000088091	0
ENSDARG00000044074	0
ENSDARG00000010591	0
ENSDARG00000020482	0
ENSDARG00000016363	0
ENSDARG00000022813	0
ENSDARG00000020957	0
ENSDARG00000090834	0
ENSDARG00000024771	0
ENSDARG00000076312	0
ENSDARG00000024933	0
ENSDARG00000069640	0
ENSDARG00000009418	0
ENSDARG00000076557	0
ENSDARG00000074590	0
ENSDARG00000055283	0
ENSDARG00000003779	0
ENSDARG00000059461	0
ENSDARG00000105357	1
ENSDARG00000015506	0
ENSDARG00000040266	0
ENSDARG00000030153	0
ENSDARG00000043128	0
ENSDARG00000058880	0
ENSDARG00000074661	0
ENSDARG00000078970	0
ENSDARG00000087704	0
ENSDARG00000020504	0
ENSDARG00000076966	0
ENSDARG00000027322	0
ENSDARG00000007344	0
ENSDARG00000042780	0
ENSDARG00000021032	0
ENSDARG00000033707	0
ENSDARG00000092115	0
ENSDARG00000091029	0
ENSDARG00000018817	0
ENSDARG00000019342	0
ENSDARG00000004023	1
ENSDARG00000014722	0
ENSDARG00000020847	0
ENSDARG00000014259	0
ENSDARG00000013965	0
ENSDARG00000018270	0
ENSDARG00000090820	0
ENSDARG00000017115	1
ENSDARG00000020465	0
ENSDARG00000056218	0
ENSDARG00000005191	0
ENSDARG00000004427	0
ENSDARG00000007025	0
ENSDARG00000006283	0
ENSDARG00000039352	0
ENSDARG00000042336	0
ENSDARG00000100236	0
ENSDARG00000038010	0
ENSDARG00000102571	0
ENSDARG00000076058	0
ENSDARG00000030932	1
ENSDARG00000070864	0
ENSDARG00000017917	0
ENSDARG00000052139	0
ENSDARG00000058868	1
ENSDARG00000015540	0
ENSDARG00000020541	0
ENSDARG00000100620	0
ENSDARG00000055639	0
ENSDARG00000018687	0
ENSDARG00000052769	0
ENSDARG00000039347	0
ENSDARG00000102441	0
ENSDARG00000062003	1
ENSDARG00000005479	0
ENSDARG00000071004	0
ENSDARG00000061017	0
ENSDARG00000074763	0
ENSDARG00000078042	0
ENSDARG00000012485	0
ENSDARG00000017078	0
ENSDARG00000071070	0
ENSDARG00000059398	0
ENSDARG00000063009	0
ENSDARG00000041908	0
ENSDARG00000060841	0
ENSDARG00000079848	0
ENSDARG00000038359	0
ENSDARG00000010841	0
ENSDARG00000030743	0
ENSDARG00000026086	0
ENSDARG00000038792	0
ENSDARG00000034300	0
ENSDARG00000012591	0
ENSDARG00000051874	0
ENSDARG00000069450	0
ENSDARG00000026655	0
ENSDARG00000058548	0
ENSDARG00000036577	0
ENSDARG00000010816	0
ENSDARG00000075853	0
ENSDARG00000037503	0
ENSDARG00000057728	0
ENSDARG00000056196	0
ENSDARG00000103092	0
ENSDARG00000074908	0
ENSDARG00000024694	0
ENSDARG00000044016	0
ENSDARG00000042793	0
ENSDARG00000004956	0
ENSDARG00000023578	0
ENSDARG00000079397	0
ENSDARG00000018534	0
ENSDARG00000009922	0
ENSDARG00000005942	0
ENSDARG00000017311	0
ENSDARG00000075132	0
ENSDARG00000056511	0
ENSDARG00000077499	0
ENSDARG00000063244	0
ENSDARG00000030789	0
ENSDARG00000013168	0
ENSDARG00000041041	0
ENSDARG00000000767	0
ENSDARG00000087398	0
ENSDARG00000022712	0
ENSDARG00000019566	0
ENSDARG00000014309	0
ENSDARG00000077860	0
ENSDARG00000020164	0
ENSDARG00000102890	0
ENSDARG00000045413	0
ENSDARG00000059600	0
ENSDARG00000014976	0
ENSDARG00000014430	0
ENSDARG00000037618	0
ENSDARG00000054510	0
ENSDARG00000071566	0
ENSDARG00000017803	1
ENSDARG00000100892	0
ENSDARG00000060620	0
ENSDARG00000068457	0
ENSDARG00000077943	0
ENSDARG00000056322	0
ENSDARG00000100312	1
ENSDARG00000063371	0
ENSDARG00000087187	0
ENSDARG00000002952	1
ENSDARG00000013335	0
ENSDARG00000100087	1
ENSDARG00000099365	1
ENSDARG00000104629	0
ENSDARG00000039215	0
ENSDARG00000030289	0
ENSDARG00000052696	0
ENSDARG00000062662	0
ENSDARG00000062002	0
ENSDARG00000103337	0
ENSDARG00000071396	0
ENSDARG00000097733	0
ENSDARG00000044365	0
ENSDARG00000021664	0
ENSDARG00000017929	0
ENSDARG00000075833	0
ENSDARG00000010519	0
ENSDARG00000077847	0
ENSDARG00000021257	0
ENSDARG00000058004	0
ENSDARG00000096578	1
ENSDARG00000010252	0
ENSDARG00000011785	0
ENSDARG00000011235	0
ENSDARG00000100657	0
ENSDARG00000060813	0
ENSDARG00000056414	0
ENSDARG00000092553	0
ENSDARG00000007804	0
ENSDARG00000016691	0
ENSDARG00000105201	0
ENSDARG00000014634	0
ENSDARG00000096603	0
ENSDARG00000078069	0
ENSDARG00000045371	0
ENSDARG00000006370	0
ENSDARG00000062744	0
ENSDARG00000024904	0
ENSDARG00000014201	0
ENSDARG00000045560	0
ENSDARG00000000103	0
ENSDARG00000045601	0
ENSDARG00000026294	0
ENSDARG00000035694	0
ENSDARG00000059817	0
ENSDARG00000074955	0
ENSDARG00000044276	0
ENSDARG00000002916	0
ENSDARG00000034801	0
ENSDARG00000051876	0
ENSDARG00000027552	0
ENSDARG00000032801	0
ENSDARG00000013409	0
ENSDARG00000012694	0
ENSDARG00000043483	0
ENSDARG00000059654	0
ENSDARG00000058348	0
ENSDARG00000012113	0
ENSDARG00000060875	0
ENSDARG00000017299	0
ENSDARG00000037835	0
ENSDARG00000071478	0
ENSDARG00000043137	0
ENSDARG00000009534	0
ENSDARG00000088030	0
ENSDARG00000060148	0
ENSDARG00000016139	0
ENSDARG00000034013	0
ENSDARG00000036463	0
ENSDARG00000078696	0
ENSDARG00000019961	0
ENSDARG00000044968	0
ENSDARG00000070069	0
ENSDARG00000013477	0
ENSDARG00000012039	0
ENSDARG00000003235	0
ENSDARG00000061941	0
ENSDARG00000077495	0
ENSDARG00000076889	0
ENSDARG00000037383	0
ENSDARG00000034368	0
ENSDARG00000056617	0
ENSDARG00000069438	0
ENSDARG00000005673	0
ENSDARG00000063572	1
ENSDARG00000090738	0
ENSDARG00000061233	0
ENSDARG00000060323	0
ENSDARG00000070107	0
ENSDARG00000009640	0
ENSDARG00000103542	0
ENSDARG00000027777	0
ENSDARG00000071347	0
ENSDARG00000078552	0
ENSDARG00000005789	1
ENSDARG00000018820	0
ENSDARG00000074471	0
ENSDARG00000004151	0
ENSDARG00000034434	0
ENSDARG00000093864	0
ENSDARG00000010207	0
ENSDARG00000009724	0
ENSDARG00000008788	0
ENSDARG00000040111	0
ENSDARG00000008487	0
ENSDARG00000031681	0
ENSDARG00000070437	0
ENSDARG00000044062	0
ENSDARG00000015495	0
ENSDARG00000027749	0
ENSDARG00000004111	0
ENSDARG00000060853	0
ENSDARG00000041150	0
ENSDARG00000099833	0
ENSDARG00000059657	0
ENSDARG00000103979	0
ENSDARG00000093022	0
ENSDARG00000101615	0
ENSDARG00000060994	0
ENSDARG00000011247	0
ENSDARG00000016443	0
ENSDARG00000077583	0
ENSDARG00000076904	0
ENSDARG00000055926	0
ENSDARG00000037995	0
ENSDARG00000104119	0
ENSDARG00000063036	0
ENSDARG00000044356	0
ENSDARG00000046141	0
ENSDARG00000070173	0
ENSDARG00000055291	0
ENSDARG00000067537	0
ENSDARG00000039851	0
ENSDARG00000037946	0
ENSDARG00000004296	0
ENSDARG00000091576	0
ENSDARG00000060661	0
ENSDARG00000045900	0
ENSDARG00000058115	0
ENSDARG00000071065	0
ENSDARG00000041581	0
ENSDARG00000059682	0
ENSDARG00000011851	0
ENSDARG00000014770	0
ENSDARG00000043710	0
ENSDARG00000019392	0
ENSDARG00000012399	0
ENSDARG00000055678	0
ENSDARG00000038583	0
ENSDARG00000034624	0
ENSDARG00000019125	0
ENSDARG00000095627	0
ENSDARG00000044769	0
ENSDARG00000070165	0
ENSDARG00000042684	0
ENSDARG00000075543	0
ENSDARG00000017579	0
ENSDARG00000007682	0
ENSDARG00000012649	0
ENSDARG00000001437	0
ENSDARG00000014517	0
ENSDARG00000092872	0
ENSDARG00000092513	0
ENSDARG00000057110	0
ENSDARG00000018124	0
ENSDARG00000052708	0
ENSDARG00000016010	0
ENSDARG00000079110	0
ENSDARG00000077372	0
ENSDARG00000062139	1
ENSDARG00000071395	0
ENSDARG00000058011	0
ENSDARG00000025974	0
ENSDARG00000007302	0
ENSDARG00000076317	0
ENSDARG00000010583	0
ENSDARG00000076564	0
ENSDARG00000008573	0
ENSDARG00000058924	0
ENSDARG00000068401	0
ENSDARG00000061915	0
ENSDARG00000059177	0
ENSDARG00000099420	0
ENSDARG00000019181	0
ENSDARG00000095784	0
ENSDARG00000099458	0
ENSDARG00000037879	0
ENSDARG00000016889	0
ENSDARG00000103683	0
ENSDARG00000042840	0
ENSDARG00000098752	0
ENSDARG00000075450	0
ENSDARG00000094388	0
ENSDARG00000102986	0
ENSDARG00000019726	0
ENSDARG00000037655	0
ENSDARG00000017880	0
ENSDARG00000056648	1
ENSDARG00000060937	0
ENSDARG00000017369	0
ENSDARG00000076439	0
ENSDARG00000027222	0
ENSDARG00000061345	0
ENSDARG00000018460	0
ENSDARG00000039041	0
ENSDARG00000061140	0
ENSDARG00000044556	0
ENSDARG00000058389	0
ENSDARG00000095915	0
ENSDARG00000032737	0
ENSDARG00000077139	0
ENSDARG00000010246	0
ENSDARG00000103791	0
ENSDARG00000036292	0
ENSDARG00000041490	0
ENSDARG00000056541	0
ENSDARG00000077811	0
ENSDARG00000045605	0
ENSDARG00000030759	0
ENSDARG00000045166	0
ENSDARG00000056561	0
ENSDARG00000079738	0
ENSDARG00000076052	0
ENSDARG00000006332	0
ENSDARG00000014569	0
ENSDARG00000010432	0
ENSDARG00000013472	0
ENSDARG00000091419	0
ENSDARG00000013250	0
ENSDARG00000013078	0
ENSDARG00000069297	0
ENSDARG00000058821	0
ENSDARG00000104100	0
ENSDARG00000008237	0
ENSDARG00000034693	0
ENSDARG00000040001	0
ENSDARG00000087921	0
ENSDARG00000016302	0
ENSDARG00000102004	0
ENSDARG00000056793	0
ENSDARG00000062590	0
ENSDARG00000040479	0
ENSDARG00000045268	0
ENSDARG00000038442	0
ENSDARG00000009629	0
ENSDARG00000020574	0
ENSDARG00000022648	0
ENSDARG00000058421	0
ENSDARG00000062501	0
ENSDARG00000091756	0
ENSDARG00000052148	0
ENSDARG00000102349	0
ENSDARG00000055635	0
ENSDARG00000029072	0
ENSDARG00000101199	0
ENSDARG00000032617	0
ENSDARG00000011662	0
ENSDARG00000002487	0
ENSDARG00000055128	0
ENSDARG00000042690	0
ENSDARG00000058656	0
ENSDARG00000052402	0
ENSDARG00000019353	1
ENSDARG00000054707	0
ENSDARG00000011407	1
ENSDARG00000105215	0
ENSDARG00000070449	0
ENSDARG00000044924	0
ENSDARG00000008447	0
ENSDARG00000095863	0
ENSDARG00000067975	0
ENSDARG00000100397	0
ENSDARG00000013266	0
ENSDARG00000073814	1
ENSDARG00000002336	0
ENSDARG00000042530	0
ENSDARG00000070433	0
ENSDARG00000068567	1
ENSDARG00000098641	0
ENSDARG00000008886	0
ENSDARG00000025899	0
ENSDARG00000025091	0
ENSDARG00000042210	0
ENSDARG00000012827	0
ENSDARG00000034518	0
ENSDARG00000030756	0
ENSDARG00000075813	0
ENSDARG00000100114	0
ENSDARG00000036254	1
ENSDARG00000086070	0
ENSDARG00000020197	0
ENSDARG00000103516	0
ENSDARG00000055163	0
ENSDARG00000070434	0
ENSDARG00000059337	0
ENSDARG00000008593	0
ENSDARG00000012030	0
ENSDARG00000010721	0
ENSDARG00000010941	0
ENSDARG00000055076	0
ENSDARG00000002172	0
ENSDARG00000021833	0
ENSDARG00000062016	0
ENSDARG00000012671	0
ENSDARG00000034825	0
ENSDARG00000059642	0
ENSDARG00000019096	0
ENSDARG00000055470	0
ENSDARG00000077467	0
ENSDARG00000026820	0
ENSDARG00000021124	0
ENSDARG00000102142	0
ENSDARG00000063563	1
ENSDARG00000093053	0
ENSDARG00000100949	0
ENSDARG00000098936	0
ENSDARG00000103494	0
ENSDARG00000044092	0
ENSDARG00000098272	0
ENSDARG00000029747	0
ENSDARG00000053131	0
ENSDARG00000011422	0
ENSDARG00000055786	0
ENSDARG00000026599	0
ENSDARG00000055305	0
ENSDARG00000009020	0
ENSDARG00000078233	0
ENSDARG00000008796	0
ENSDARG00000020607	0
ENSDARG00000102417	0
ENSDARG00000093738	0
ENSDARG00000103754	0
ENSDARG00000011312	0
ENSDARG00000102470	0
ENSDARG00000018494	0
ENSDARG00000032831	0
ENSDARG00000036194	0
ENSDARG00000026799	0
ENSDARG00000061791	0
ENSDARG00000031138	0
ENSDARG00000035253	0
ENSDARG00000016526	0
ENSDARG00000042984	0
ENSDARG00000035175	0
ENSDARG00000000018	0
ENSDARG00000033042	0
ENSDARG00000042141	0
ENSDARG00000008540	0
ENSDARG00000021590	0
ENSDARG00000022101	0
ENSDARG00000008384	0
ENSDARG00000036571	0
ENSDARG00000095743	0
ENSDARG00000017841	0
ENSDARG00000005786	0
ENSDARG00000017220	0
ENSDARG00000090301	0
ENSDARG00000075599	0
ENSDARG00000036456	0
ENSDARG00000095904	0
ENSDARG00000025309	0
ENSDARG00000008029	0
ENSDARG00000061468	0
ENSDARG00000026712	0
ENSDARG00000038235	0
ENSDARG00000009018	0
ENSDARG00000004537	0
ENSDARG00000007614	0
ENSDARG00000069415	0
ENSDARG00000005355	0
ENSDARG00000020746	0
ENSDARG00000012390	1
ENSDARG00000021402	0
ENSDARG00000103479	0
ENSDARG00000018426	1
ENSDARG00000032272	0
ENSDARG00000001220	0
ENSDARG00000054320	0
ENSDARG00000087897	0
ENSDARG00000101679	0
ENSDARG00000045444	0
ENSDARG00000009094	0
ENSDARG00000004132	0
ENSDARG00000032261	0
ENSDARG00000030938	0
ENSDARG00000102024	0
ENSDARG00000008503	0
ENSDARG00000067996	0
ENSDARG00000038428	0
ENSDARG00000100020	0
ENSDARG00000028900	0
ENSDARG00000053424	0
ENSDARG00000101778	0
ENSDARG00000102964	0
ENSDARG00000075597	0
ENSDARG00000018643	0
ENSDARG00000102896	0
ENSDARG00000044339	0
ENSDARG00000104094	0
ENSDARG00000054127	0
ENSDARG00000045936	0
ENSDARG00000000853	0
ENSDARG00000061328	0
ENSDARG00000061052	0
ENSDARG00000040039	0
ENSDARG00000052695	0
ENSDARG00000045513	0
ENSDARG00000055026	0
ENSDARG00000054026	0
ENSDARG00000061414	0
ENSDARG00000078576	0
ENSDARG00000002591	0
ENSDARG00000093798	0
ENSDARG00000025902	0
ENSDARG00000023299	0
ENSDARG00000005002	0
ENSDARG00000017821	0
ENSDARG00000022531	0
ENSDARG00000042861	0
ENSDARG00000022280	0
ENSDARG00000003599	0
ENSDARG00000055381	0
ENSDARG00000054755	0
ENSDARG00000075456	0
ENSDARG00000004472	0
ENSDARG00000031783	0
ENSDARG00000063295	0
ENSDARG00000075593	0
ENSDARG00000032083	0
ENSDARG00000052919	0
ENSDARG00000077364	0
ENSDARG00000019332	0
ENSDARG00000055610	0
ENSDARG00000057074	0
ENSDARG00000087954	0
ENSDARG00000075209	0
ENSDARG00000004470	0
ENSDARG00000023724	0
ENSDARG00000008953	0
ENSDARG00000079388	0
ENSDARG00000099291	0
ENSDARG00000074084	0
ENSDARG00000039302	0
ENSDARG00000010936	0
ENSDARG00000003446	0
ENSDARG00000008388	0
ENSDARG00000043976	0
ENSDARG00000042566	0
ENSDARG00000038695	0
ENSDARG00000101561	0
ENSDARG00000096249	0
ENSDARG00000011240	0
ENSDARG00000103907	0
ENSDARG00000101120	0
ENSDARG00000036376	0
ENSDARG00000012248	0
ENSDARG00000098766	0
ENSDARG00000011665	0
ENSDARG00000044511	0
ENSDARG00000042846	0
ENSDARG00000031426	0
ENSDARG00000074064	0
ENSDARG00000074849	0
ENSDARG00000091539	0
ENSDARG00000103433	0
ENSDARG00000003867	0
ENSDARG00000034528	0
ENSDARG00000033227	0
ENSDARG00000006791	0
ENSDARG00000008785	0
ENSDARG00000091085	0
ENSDARG00000071173	0
ENSDARG00000039770	0
ENSDARG00000006923	0
ENSDARG00000070828	0
ENSDARG00000098573	0
ENSDARG00000019362	0
ENSDARG00000009693	0
ENSDARG00000036222	0
ENSDARG00000002084	0
ENSDARG00000058601	0
ENSDARG00000056395	0
ENSDARG00000007465	0
ENSDARG00000035899	0
ENSDARG00000105112	0
ENSDARG00000105185	0
ENSDARG00000077473	0
ENSDARG00000039020	0
ENSDARG00000026811	1
ENSDARG00000040432	0
ENSDARG00000015254	0
ENSDARG00000016494	0
ENSDARG00000044619	0
ENSDARG00000094646	0
ENSDARG00000055752	0
ENSDARG00000061268	0
ENSDARG00000071465	0
ENSDARG00000033443	0
ENSDARG00000042087	0
ENSDARG00000098883	0
ENSDARG00000005762	0
ENSDARG00000007449	0
ENSDARG00000007371	0
ENSDARG00000069089	0
ENSDARG00000024325	0
ENSDARG00000042296	1
ENSDARG00000098511	0
ENSDARG00000070155	0
ENSDARG00000045748	0
ENSDARG00000024894	1
ENSDARG00000070955	0
ENSDARG00000070954	0
ENSDARG00000012820	0
ENSDARG00000002216	1
ENSDARG00000038879	0
ENSDARG00000104314	0
ENSDARG00000015567	0
ENSDARG00000052739	0
ENSDARG00000056615	0
ENSDARG00000079802	0
ENSDARG00000095967	0
ENSDARG00000007654	0
ENSDARG00000078261	0
ENSDARG00000055100	0
ENSDARG00000094973	0
ENSDARG00000098334	0
ENSDARG00000092677	0
ENSDARG00000103046	0
ENSDARG00000012553	0
ENSDARG00000074309	0
ENSDARG00000020913	0
ENSDARG00000020417	0
ENSDARG00000012314	0
ENSDARG00000032277	0
ENSDARG00000043548	0
ENSDARG00000030630	0
ENSDARG00000019728	0
ENSDARG00000059798	0
ENSDARG00000057671	0
ENSDARG00000023722	0
ENSDARG00000059327	0
ENSDARG00000098783	0
ENSDARG00000002909	0
ENSDARG00000060687	0
ENSDARG00000104138	0
ENSDARG00000012788	0
ENSDARG00000058256	0
ENSDARG00000069090	0
ENSDARG00000013441	0
ENSDARG00000005612	0
ENSDARG00000011618	0
ENSDARG00000010192	0
ENSDARG00000001057	0
ENSDARG00000021938	0
ENSDARG00000075354	0
ENSDARG00000060169	0
ENSDARG00000036338	0
ENSDARG00000056643	0
ENSDARG00000038363	0
ENSDARG00000061265	0
ENSDARG00000029150	0
ENSDARG00000098785	0
ENSDARG00000055398	0
ENSDARG00000069893	0
ENSDARG00000024211	0
ENSDARG00000029069	0
ENSDARG00000038743	0
ENSDARG00000021899	0
ENSDARG00000017007	0
ENSDARG00000052734	0
ENSDARG00000093498	0
ENSDARG00000098124	0
ENSDARG00000021378	0
ENSDARG00000039412	0
ENSDARG00000017211	0
ENSDARG00000074443	0
ENSDARG00000020595	0
ENSDARG00000039241	0
ENSDARG00000045671	0
ENSDARG00000013539	0
ENSDARG00000075013	0
ENSDARG00000039863	0
ENSDARG00000001721	0
ENSDARG00000007886	1
ENSDARG00000056557	0
ENSDARG00000068587	0
ENSDARG00000010300	0
ENSDARG00000008310	0
ENSDARG00000061454	0
ENSDARG00000103799	0
ENSDARG00000070787	0
ENSDARG00000087779	0
ENSDARG00000025504	0
ENSDARG00000092060	1
ENSDARG00000038429	0
ENSDARG00000077264	0
ENSDARG00000012405	1
ENSDARG00000037116	1
ENSDARG00000018566	0
ENSDARG00000006584	0
ENSDARG00000057635	0
ENSDARG00000043640	0
ENSDARG00000015128	0
ENSDARG00000010878	0
ENSDARG00000062727	0
ENSDARG00000019231	0
ENSDARG00000000529	0
ENSDARG00000040261	0
ENSDARG00000008165	0
ENSDARG00000075530	0
ENSDARG00000022418	0
ENSDARG00000090830	0
ENSDARG00000056473	1
ENSDARG00000103607	0
ENSDARG00000058471	0
ENSDARG00000069968	0
ENSDARG00000056491	0
ENSDARG00000001769	0
ENSDARG00000069552	0
ENSDARG00000088750	0
ENSDARG00000026629	0
ENSDARG00000055271	0
ENSDARG00000053868	0
ENSDARG00000021462	0
ENSDARG00000034588	0
ENSDARG00000011925	0
ENSDARG00000074271	0
ENSDARG00000060085	0
ENSDARG00000037421	0
ENSDARG00000020581	0
ENSDARG00000031817	0
ENSDARG00000040635	0
ENSDARG00000090481	0
ENSDARG00000055510	0
ENSDARG00000058379	0
ENSDARG00000027916	0
ENSDARG00000060106	0
ENSDARG00000060380	0
ENSDARG00000058154	0
ENSDARG00000045087	0
ENSDARG00000075612	0
ENSDARG00000045673	0
ENSDARG00000006553	0
ENSDARG00000036090	0
ENSDARG00000009637	0
ENSDARG00000005915	0
ENSDARG00000030270	0
ENSDARG00000074131	0
ENSDARG00000058140	0
ENSDARG00000036106	0
ENSDARG00000098349	0
ENSDARG00000038185	0
ENSDARG00000100265	0
ENSDARG00000078308	0
ENSDARG00000007407	0
ENSDARG00000058598	0
ENSDARG00000036875	0
ENSDARG00000009021	0
ENSDARG00000034423	0
ENSDARG00000014218	0
ENSDARG00000014420	0
ENSDARG00000045399	0
ENSDARG00000091006	0
ENSDARG00000044688	0
ENSDARG00000061375	0
ENSDARG00000040163	0
ENSDARG00000103554	0
ENSDARG00000000966	0
ENSDARG00000055294	0
ENSDARG00000036558	0
ENSDARG00000018788	0
ENSDARG00000041572	0
ENSDARG00000035332	0
ENSDARG00000062174	0
ENSDARG00000059322	0
ENSDARG00000053724	0
ENSDARG00000103926	0
ENSDARG00000010792	0
ENSDARG00000079570	1
ENSDARG00000030110	0
ENSDARG00000061543	0
ENSDARG00000039756	0
ENSDARG00000096433	0
ENSDARG00000102308	0
ENSDARG00000005541	0
ENSDARG00000016181	1
ENSDARG00000063089	0
ENSDARG00000009864	0
ENSDARG00000004877	0
ENSDARG00000053481	0
ENSDARG00000005034	0
ENSDARG00000038882	0
ENSDARG00000078947	0
ENSDARG00000055075	0
ENSDARG00000021389	1
ENSDARG00000004774	0
ENSDARG00000008279	0
ENSDARG00000076554	0
ENSDARG00000004154	0
ENSDARG00000067719	0
ENSDARG00000044417	1
ENSDARG00000067670	0
ENSDARG00000037433	0
ENSDARG00000061759	0
ENSDARG00000057317	0
ENSDARG00000098612	0
ENSDARG00000091161	0
ENSDARG00000000861	0
ENSDARG00000053364	0
ENSDARG00000101759	0
ENSDARG00000071684	0
ENSDARG00000069765	0
ENSDARG00000105088	0
ENSDARG00000013207	0
ENSDARG00000099093	0
ENSDARG00000103643	0
ENSDARG00000037178	0
ENSDARG00000095868	0
ENSDARG00000005834	0
ENSDARG00000014532	0
ENSDARG00000037285	0
ENSDARG00000021163	0
ENSDARG00000100398	0
ENSDARG00000040747	0
ENSDARG00000004173	0
ENSDARG00000035389	0
ENSDARG00000061231	0
ENSDARG00000042627	0
ENSDARG00000038802	0
ENSDARG00000074466	0
ENSDARG00000003705	0
ENSDARG00000036912	0
ENSDARG00000008867	0
ENSDARG00000005274	0
ENSDARG00000070061	0
ENSDARG00000034572	0
ENSDARG00000024844	0
ENSDARG00000061848	0
ENSDARG00000056932	0
ENSDARG00000070187	0
ENSDARG00000078992	0
ENSDARG00000008637	0
ENSDARG00000005513	0
ENSDARG00000101209	0
ENSDARG00000000857	0
ENSDARG00000010381	1
ENSDARG00000055630	0
ENSDARG00000002249	0
ENSDARG00000008859	0
ENSDARG00000060397	1
ENSDARG00000006219	0
ENSDARG00000029370	0
ENSDARG00000053318	0
ENSDARG00000055543	0
ENSDARG00000055554	0
ENSDARG00000025718	0
ENSDARG00000040649	0
ENSDARG00000090697	0
ENSDARG00000013598	0
ENSDARG00000042518	0
ENSDARG00000105117	0
ENSDARG00000061600	0
ENSDARG00000056138	0
ENSDARG00000005619	0
ENSDARG00000099380	0
ENSDARG00000021201	0
ENSDARG00000017676	0
ENSDARG00000086158	0
ENSDARG00000062612	0
ENSDARG00000011219	0
ENSDARG00000103902	0
ENSDARG00000007412	0
ENSDARG00000097336	0
ENSDARG00000079198	0
ENSDARG00000020708	0
ENSDARG00000070573	0
ENSDARG00000009046	0
ENSDARG00000101021	0
ENSDARG00000057323	0
ENSDARG00000009134	0
ENSDARG00000027740	0
ENSDARG00000054632	0
ENSDARG00000004954	0
ENSDARG00000077353	1
ENSDARG00000024540	0
ENSDARG00000098753	0
ENSDARG00000035181	0
ENSDARG00000004459	0
ENSDARG00000021905	0
ENSDARG00000020334	0
ENSDARG00000034826	0
ENSDARG00000019507	0
ENSDARG00000006527	0
ENSDARG00000010312	0
ENSDARG00000104566	0
ENSDARG00000003751	0
ENSDARG00000055106	0
ENSDARG00000007099	0
ENSDARG00000057698	0
ENSDARG00000036232	0
ENSDARG00000078366	0
ENSDARG00000062978	0
ENSDARG00000004307	0
ENSDARG00000055154	0
ENSDARG00000063719	0
ENSDARG00000059549	0
ENSDARG00000054858	0
ENSDARG00000006120	0
ENSDARG00000010773	0
ENSDARG00000029671	0
ENSDARG00000056102	1
ENSDARG00000076379	0
ENSDARG00000067520	0
ENSDARG00000061168	0
ENSDARG00000014943	0
ENSDARG00000012019	0
ENSDARG00000075454	0
ENSDARG00000018025	0
ENSDARG00000071699	0
ENSDARG00000052644	0
ENSDARG00000034195	0
ENSDARG00000021913	0
ENSDARG00000037533	0
ENSDARG00000041481	0
ENSDARG00000039878	0
ENSDARG00000026081	0
ENSDARG00000004539	0
ENSDARG00000070971	0
ENSDARG00000068213	0
ENSDARG00000074771	0
ENSDARG00000041699	0
ENSDARG00000009438	0
ENSDARG00000103464	0
ENSDARG00000018881	0
ENSDARG00000006615	0
ENSDARG00000056087	0
ENSDARG00000053979	0
ENSDARG00000059073	0
ENSDARG00000099455	0
ENSDARG00000008292	0
ENSDARG00000068992	0
ENSDARG00000099742	0
ENSDARG00000067673	0
ENSDARG00000017229	0
ENSDARG00000070623	1
ENSDARG00000053912	0
ENSDARG00000045677	0
ENSDARG00000091298	0
ENSDARG00000019747	0
ENSDARG00000052674	1
ENSDARG00000070570	0
ENSDARG00000058819	0
ENSDARG00000019995	0
ENSDARG00000042816	0
ENSDARG00000056594	0
ENSDARG00000023797	0
ENSDARG00000020845	0
ENSDARG00000006029	0
ENSDARG00000102773	0
ENSDARG00000005050	1
ENSDARG00000042232	0
ENSDARG00000018871	0
ENSDARG00000061989	0
ENSDARG00000044684	0
ENSDARG00000088984	0
ENSDARG00000029524	0
ENSDARG00000003749	0
ENSDARG00000009735	0
ENSDARG00000001129	0
ENSDARG00000070151	0
ENSDARG00000008490	0
ENSDARG00000035598	0
ENSDARG00000038687	0
ENSDARG00000104541	0
ENSDARG00000043716	0
ENSDARG00000013858	0
ENSDARG00000054823	0
ENSDARG00000012397	0
ENSDARG00000068755	0
ENSDARG00000015059	0
ENSDARG00000100944	0
ENSDARG00000077643	0
ENSDARG00000025428	0
ENSDARG00000020008	0
ENSDARG00000089475	0
ENSDARG00000018441	0
ENSDARG00000020057	0
ENSDARG00000102889	0
ENSDARG00000027199	1
ENSDARG00000041799	1
ENSDARG00000016454	0
ENSDARG00000000002	0
ENSDARG00000037358	0
ENSDARG00000070917	0
ENSDARG00000078815	0
ENSDARG00000055536	0
ENSDARG00000063190	0
ENSDARG00000059978	0
ENSDARG00000103404	0
ENSDARG00000039486	0
ENSDARG00000007490	0
ENSDARG00000004460	0
ENSDARG00000027584	0
ENSDARG00000016059	0
ENSDARG00000044813	0
ENSDARG00000008188	0
ENSDARG00000040534	0
ENSDARG00000077177	0
ENSDARG00000100089	1
ENSDARG00000102310	0
ENSDARG00000061203	0
ENSDARG00000012656	0
ENSDARG00000077004	0
ENSDARG00000013150	0
ENSDARG00000010933	0
ENSDARG00000055566	0
ENSDARG00000045155	0
ENSDARG00000012684	0
ENSDARG00000020242	0
ENSDARG00000059906	0
ENSDARG00000001807	0
ENSDARG00000052893	0
ENSDARG00000044561	0
ENSDARG00000101054	0
ENSDARG00000069763	0
ENSDARG00000052012	0
ENSDARG00000042642	0
ENSDARG00000095859	1
ENSDARG00000016404	1
ENSDARG00000019253	0
ENSDARG00000097205	0
ENSDARG00000055443	0
ENSDARG00000042644	0
ENSDARG00000002235	0
ENSDARG00000088411	0
ENSDARG00000039563	0
ENSDARG00000102453	0
ENSDARG00000008032	0
ENSDARG00000014113	0
ENSDARG00000101949	0
ENSDARG00000002533	0
ENSDARG00000054975	0
ENSDARG00000021948	0
ENSDARG00000102320	0
ENSDARG00000003655	0
ENSDARG00000074892	0
ENSDARG00000098952	0
ENSDARG00000044216	0
ENSDARG00000024295	0
ENSDARG00000041595	0
ENSDARG00000031894	1
ENSDARG00000010169	0
ENSDARG00000052122	0
ENSDARG00000043453	0
ENSDARG00000038243	0
ENSDARG00000044304	0
ENSDARG00000061985	0
ENSDARG00000062824	0
ENSDARG00000058237	0
ENSDARG00000005485	0
ENSDARG00000056160	0
ENSDARG00000079840	0
ENSDARG00000033735	0
ENSDARG00000005775	0
ENSDARG00000094857	0
ENSDARG00000039052	0
ENSDARG00000104676	0
ENSDARG00000059701	0
ENSDARG00000003411	0
ENSDARG00000032327	0
ENSDARG00000015224	0
ENSDARG00000020953	0
ENSDARG00000019930	0
ENSDARG00000021242	0
ENSDARG00000010948	0
ENSDARG00000021110	0
ENSDARG00000036987	0
ENSDARG00000001754	0
ENSDARG00000091232	0
ENSDARG00000063051	0
ENSDARG00000012450	0
ENSDARG00000056621	0
ENSDARG00000090724	0
ENSDARG00000034307	0
ENSDARG00000019335	0
ENSDARG00000041734	0
ENSDARG00000069006	0
ENSDARG00000005574	0
ENSDARG00000014017	0
ENSDARG00000013144	0
ENSDARG00000044781	0
ENSDARG00000053479	0
ENSDARG00000011863	0
ENSDARG00000006782	0
ENSDARG00000086870	0
ENSDARG00000063437	0
ENSDARG00000029480	0
ENSDARG00000003259	0
ENSDARG00000004082	0
ENSDARG00000026185	0
ENSDARG00000008433	0
ENSDARG00000038858	0
ENSDARG00000052121	0
ENSDARG00000033616	0
ENSDARG00000021864	0
ENSDARG00000041959	0
ENSDARG00000012824	1
ENSDARG00000060112	0
ENSDARG00000010051	0
ENSDARG00000038500	0
ENSDARG00000010244	0
ENSDARG00000070565	0
ENSDARG00000102643	0
ENSDARG00000030350	0
ENSDARG00000011473	0
ENSDARG00000043848	0
ENSDARG00000043658	0
ENSDARG00000014496	0
ENSDARG00000090637	0
ENSDARG00000058451	1
ENSDARG00000017127	0
ENSDARG00000062756	0
ENSDARG00000032808	0
ENSDARG00000018765	1
ENSDARG00000033307	0
ENSDARG00000015918	0
ENSDARG00000095767	0
ENSDARG00000056331	0
ENSDARG00000002720	0
ENSDARG00000077818	0
ENSDARG00000061180	0
ENSDARG00000068382	0
ENSDARG00000042138	0
ENSDARG00000070360	0
ENSDARG00000054023	0
ENSDARG00000026335	0
ENSDARG00000071011	0
ENSDARG00000060115	0
ENSDARG00000096787	0
ENSDARG00000020043	0
ENSDARG00000003527	0
ENSDARG00000031809	0
ENSDARG00000025671	0
ENSDARG00000018907	0
ENSDARG00000018492	0
ENSDARG00000105243	0
ENSDARG00000040407	0
ENSDARG00000033450	0
ENSDARG00000054454	0
ENSDARG00000052881	0
ENSDARG00000074120	0
ENSDARG00000055996	1
ENSDARG00000005481	0
ENSDARG00000014626	0
ENSDARG00000018259	0
ENSDARG00000024488	0
ENSDARG00000012499	0
ENSDARG00000071046	0
ENSDARG00000098257	0
ENSDARG00000003293	1
ENSDARG00000005867	0
ENSDARG00000041022	0
ENSDARG00000040764	0
ENSDARG00000096939	0
ENSDARG00000017446	0
ENSDARG00000068888	0
ENSDARG00000034424	0
ENSDARG00000024746	0
ENSDARG00000039827	0
ENSDARG00000036869	0
ENSDARG00000089223	0
ENSDARG00000030621	0
ENSDARG00000019444	0
ENSDARG00000094901	0
ENSDARG00000044362	0
ENSDARG00000015676	0
ENSDARG00000052827	0
ENSDARG00000010478	0
ENSDARG00000097478	0
ENSDARG00000030832	0
ENSDARG00000022254	0
ENSDARG00000021509	0
ENSDARG00000063446	0
ENSDARG00000053528	0
ENSDARG00000034503	0
ENSDARG00000012422	0
ENSDARG00000004870	0
ENSDARG00000074591	1
ENSDARG00000041133	0
ENSDARG00000074335	0
ENSDARG00000061647	0
ENSDARG00000078722	0
ENSDARG00000030107	0
ENSDARG00000015654	0
ENSDARG00000043443	0
ENSDARG00000071560	0
ENSDARG00000054778	0
ENSDARG00000097715	0
ENSDARG00000018281	0
ENSDARG00000076041	0
ENSDARG00000036868	0
ENSDARG00000075297	0
ENSDARG00000016750	0
ENSDARG00000079015	0
ENSDARG00000033760	0
ENSDARG00000037060	0
ENSDARG00000003429	0
ENSDARG00000056840	0
ENSDARG00000056427	1
ENSDARG00000037283	0
ENSDARG00000019969	0
ENSDARG00000056407	0
ENSDARG00000008880	0
ENSDARG00000019521	0
ENSDARG00000028793	0
ENSDARG00000024560	0
ENSDARG00000028664	0
ENSDARG00000052746	0
ENSDARG00000062262	0
ENSDARG00000021827	0
ENSDARG00000037238	1
ENSDARG00000037260	0
ENSDARG00000078865	0
ENSDARG00000033539	0
ENSDARG00000020028	0
ENSDARG00000071494	0
ENSDARG00000062053	0
ENSDARG00000038205	0
ENSDARG00000035984	0
ENSDARG00000015273	0
ENSDARG00000055659	0
ENSDARG00000045092	0
ENSDARG00000017385	0
ENSDARG00000069937	0
ENSDARG00000027620	0
ENSDARG00000042864	0
ENSDARG00000054030	0
ENSDARG00000059558	0
ENSDARG00000104808	0
ENSDARG00000054033	0
ENSDARG00000004256	0
ENSDARG00000015072	0
ENSDARG00000061885	0
ENSDARG00000101873	0
ENSDARG00000099959	0
ENSDARG00000099996	0
ENSDARG00000027813	0
ENSDARG00000095751	0
ENSDARG00000022767	0
ENSDARG00000060027	0
ENSDARG00000053196	0
ENSDARG00000009472	0
ENSDARG00000019000	0
ENSDARG00000099144	0
ENSDARG00000103747	0
ENSDARG00000098683	0
ENSDARG00000090722	0
ENSDARG00000036865	0
ENSDARG00000021895	1
ENSDARG00000018693	1
ENSDARG00000042485	0
ENSDARG00000060745	0
ENSDARG00000011879	0
ENSDARG00000001889	0
ENSDARG00000055027	0
ENSDARG00000056783	0
ENSDARG00000032013	0
ENSDARG00000103422	0
ENSDARG00000034293	0
ENSDARG00000018968	0
ENSDARG00000062489	0
ENSDARG00000061796	0
ENSDARG00000034941	0
ENSDARG00000067920	0
ENSDARG00000102506	0
ENSDARG00000058538	0
ENSDARG00000031952	0
ENSDARG00000059236	0
ENSDARG00000012025	0
ENSDARG00000037919	0
ENSDARG00000041232	1
ENSDARG00000008133	1
ENSDARG00000063583	0
ENSDARG00000101431	0
ENSDARG00000025131	0
ENSDARG00000017522	0
ENSDARG00000009870	0
ENSDARG00000010270	0
ENSDARG00000038990	0
ENSDARG00000038056	0
ENSDARG00000005150	0
ENSDARG00000039970	0
ENSDARG00000011648	0
ENSDARG00000070903	1
ENSDARG00000007196	0
ENSDARG00000029432	0
ENSDARG00000042529	0
ENSDARG00000061385	0
ENSDARG00000062606	0
ENSDARG00000071586	0
ENSDARG00000069026	0
ENSDARG00000016022	0
ENSDARG00000015554	0
ENSDARG00000002406	0
ENSDARG00000059276	0
ENSDARG00000056801	1
ENSDARG00000052063	0
ENSDARG00000020890	0
ENSDARG00000015472	0
ENSDARG00000020602	0
ENSDARG00000028533	0
ENSDARG00000061692	0
ENSDARG00000020771	0
ENSDARG00000014329	0
ENSDARG00000040321	0
ENSDARG00000004251	0
ENSDARG00000055723	0
ENSDARG00000010487	0
ENSDARG00000003776	0
ENSDARG00000007444	0
ENSDARG00000074378	0
ENSDARG00000074293	0
ENSDARG00000012196	0
ENSDARG00000018179	0
ENSDARG00000010316	0
ENSDARG00000043559	1
ENSDARG00000004871	0
ENSDARG00000079500	0
ENSDARG00000040255	0
ENSDARG00000069995	0
ENSDARG00000032619	0
ENSDARG00000087666	0
ENSDARG00000056181	0
ENSDARG00000011876	0
ENSDARG00000041706	0
ENSDARG00000038991	0
ENSDARG00000015427	1
ENSDARG00000041702	0
ENSDARG00000017126	0
ENSDARG00000005221	0
ENSDARG00000025187	0
ENSDARG00000009242	0
ENSDARG00000033706	0
ENSDARG00000031954	0
ENSDARG00000097046	0
ENSDARG00000031891	0
ENSDARG00000077231	0
ENSDARG00000060002	0
ENSDARG00000033840	0
ENSDARG00000100971	0
ENSDARG00000058543	1
ENSDARG00000009689	0
ENSDARG00000021225	0
ENSDARG00000099771	0
ENSDARG00000040306	0
ENSDARG00000071331	0
ENSDARG00000062465	0
ENSDARG00000056938	0
ENSDARG00000020077	0
ENSDARG00000010160	1
ENSDARG00000012247	0
ENSDARG00000038005	0
ENSDARG00000036471	0
ENSDARG00000061890	0
ENSDARG00000052558	0
ENSDARG00000053298	0
ENSDARG00000007278	0
ENSDARG00000029439	0
ENSDARG00000019260	1
ENSDARG00000019004	0
ENSDARG00000101626	0
ENSDARG00000017084	0
ENSDARG00000017445	0
ENSDARG00000040874	0
ENSDARG00000040334	0
ENSDARG00000060058	0
ENSDARG00000037677	1
ENSDARG00000078185	0
ENSDARG00000016239	0
ENSDARG00000014623	0
ENSDARG00000056998	0
ENSDARG00000058461	0
ENSDARG00000076928	0
ENSDARG00000041621	0
ENSDARG00000045580	0
ENSDARG00000039066	0
ENSDARG00000043226	0
ENSDARG00000018022	0
ENSDARG00000008034	0
ENSDARG00000060243	0
ENSDARG00000057286	0
ENSDARG00000095019	0
ENSDARG00000102254	0
ENSDARG00000061248	0
ENSDARG00000040556	0
ENSDARG00000031388	0
ENSDARG00000079550	0
ENSDARG00000077866	0
ENSDARG00000076348	0
ENSDARG00000091253	0
ENSDARG00000026180	0
ENSDARG00000016570	0
ENSDARG00000016484	0
ENSDARG00000005772	0
ENSDARG00000051914	0
ENSDARG00000039304	0
ENSDARG00000014986	1
ENSDARG00000030307	1
ENSDARG00000010477	0
ENSDARG00000076857	0
ENSDARG00000101576	1
ENSDARG00000023542	0
ENSDARG00000043130	0
ENSDARG00000059173	0
ENSDARG00000054137	0
ENSDARG00000069134	0
ENSDARG00000034443	0
ENSDARG00000006963	0
ENSDARG00000003732	0
ENSDARG00000006290	0
ENSDARG00000069501	0
ENSDARG00000079947	0
ENSDARG00000008976	0
ENSDARG00000020217	0
ENSDARG00000026595	0
ENSDARG00000100392	0
ENSDARG00000100555	0
ENSDARG00000012066	0
ENSDARG00000076801	0
ENSDARG00000087457	0
ENSDARG00000005926	0
ENSDARG00000005284	0
ENSDARG00000042803	0
ENSDARG00000100383	0
ENSDARG00000037393	0
ENSDARG00000011488	0
ENSDARG00000099363	0
ENSDARG00000013730	0
ENSDARG00000012368	0
ENSDARG00000037397	0
ENSDARG00000037675	0
ENSDARG00000059903	0
ENSDARG00000028431	0
ENSDARG00000074905	0
ENSDARG00000097968	0
ENSDARG00000058733	0
ENSDARG00000044774	0
ENSDARG00000005699	0
ENSDARG00000062892	0
ENSDARG00000056130	0
ENSDARG00000021082	0
ENSDARG00000069093	0
ENSDARG00000021336	0
ENSDARG00000004757	0
ENSDARG00000046074	0
ENSDARG00000076965	0
ENSDARG00000086425	0
ENSDARG00000034178	1
ENSDARG00000036776	0
ENSDARG00000034117	0
ENSDARG00000030177	0
ENSDARG00000026473	0
ENSDARG00000031316	0
ENSDARG00000103117	0
ENSDARG00000014898	0
ENSDARG00000008575	0
ENSDARG00000039958	0
ENSDARG00000037559	0
ENSDARG00000068726	0
ENSDARG00000013252	0
ENSDARG00000041530	0
ENSDARG00000056683	0
ENSDARG00000059911	1
ENSDARG00000079564	0
ENSDARG00000007385	0
ENSDARG00000020785	0
ENSDARG00000102394	0
ENSDARG00000007982	0
ENSDARG00000018721	0
ENSDARG00000075169	1
ENSDARG00000009387	0
ENSDARG00000013251	0
ENSDARG00000060917	0
ENSDARG00000103690	0
ENSDARG00000068255	0
ENSDARG00000078916	0
ENSDARG00000028213	0
ENSDARG00000011065	0
ENSDARG00000012944	0
ENSDARG00000056127	0
ENSDARG00000007377	0
ENSDARG00000002795	0
ENSDARG00000032614	0
ENSDARG00000027041	0
ENSDARG00000002663	0
ENSDARG00000070991	0
ENSDARG00000059855	0
ENSDARG00000086819	0
ENSDARG00000058346	0
ENSDARG00000023861	0
ENSDARG00000061579	0
ENSDARG00000041113	0
ENSDARG00000041361	0
ENSDARG00000076566	0
ENSDARG00000045760	0
ENSDARG00000000563	0
ENSDARG00000023152	0
ENSDARG00000062972	0
ENSDARG00000058179	0
ENSDARG00000037968	0
ENSDARG00000059746	0
ENSDARG00000027657	0
ENSDARG00000083042	0
ENSDARG00000020053	0
ENSDARG00000040946	0
ENSDARG00000075211	1
ENSDARG00000053619	0
ENSDARG00000104340	0
ENSDARG00000079504	0
ENSDARG00000021346	0
ENSDARG00000009511	0
ENSDARG00000099840	0
ENSDARG00000069105	0
ENSDARG00000076856	1
ENSDARG00000044574	0
ENSDARG00000053617	0
ENSDARG00000010791	0
ENSDARG00000034396	0
ENSDARG00000054451	0
ENSDARG00000075793	0
ENSDARG00000091377	0
ENSDARG00000011434	0
ENSDARG00000070480	0
ENSDARG00000074749	0
ENSDARG00000077536	0
ENSDARG00000015356	0
ENSDARG00000014292	0
ENSDARG00000056926	0
ENSDARG00000062531	0
ENSDARG00000019117	0
ENSDARG00000059836	0
ENSDARG00000038159	0
ENSDARG00000013628	0
ENSDARG00000057125	0
ENSDARG00000056964	0
ENSDARG00000056119	0
ENSDARG00000053906	0
ENSDARG00000025081	0
ENSDARG00000030095	0
ENSDARG00000020749	0
ENSDARG00000013575	0
ENSDARG00000032651	0
ENSDARG00000018110	0
ENSDARG00000054807	1
ENSDARG00000015610	0
ENSDARG00000037038	0
ENSDARG00000033134	0
ENSDARG00000003487	0
ENSDARG00000060312	0
ENSDARG00000040910	0
ENSDARG00000068246	1
ENSDARG00000045612	0
ENSDARG00000052131	0
ENSDARG00000038095	0
ENSDARG00000045880	0
ENSDARG00000100558	0
ENSDARG00000040778	0
ENSDARG00000007918	0
ENSDARG00000098080	0
ENSDARG00000017953	0
ENSDARG00000071694	0
ENSDARG00000071048	0
ENSDARG00000000472	0
ENSDARG00000095651	0
ENSDARG00000045219	0
ENSDARG00000042850	0
ENSDARG00000029157	0
ENSDARG00000061303	0
ENSDARG00000012747	0
ENSDARG00000040917	0
ENSDARG00000103937	0
ENSDARG00000039392	0
ENSDARG00000030448	0
ENSDARG00000028222	0
ENSDARG00000014180	0
ENSDARG00000038894	0
ENSDARG00000025854	0
ENSDARG00000005645	0
ENSDARG00000035578	0
ENSDARG00000039677	0
ENSDARG00000067797	0
ENSDARG00000092809	0
ENSDARG00000060758	0
ENSDARG00000069515	0
ENSDARG00000035781	0
ENSDARG00000034600	0
ENSDARG00000031587	0
ENSDARG00000004060	0
ENSDARG00000098242	0
ENSDARG00000004174	0
ENSDARG00000069290	0
ENSDARG00000002933	0
ENSDARG00000038643	0
ENSDARG00000041921	0
ENSDARG00000103379	0
ENSDARG00000059982	0
ENSDARG00000039490	0
ENSDARG00000056012	0
ENSDARG00000045175	0
ENSDARG00000035577	0
ENSDARG00000094280	0
ENSDARG00000019235	0
ENSDARG00000098764	0
ENSDARG00000031756	0
ENSDARG00000055238	0
ENSDARG00000037593	0
ENSDARG00000025641	0
ENSDARG00000105255	0
ENSDARG00000097367	0
ENSDARG00000021483	0
ENSDARG00000069560	0
ENSDARG00000009544	0
ENSDARG00000010472	0
ENSDARG00000001968	0
ENSDARG00000017658	0
ENSDARG00000091831	0
ENSDARG00000103007	1
ENSDARG00000100588	0
ENSDARG00000070682	0
ENSDARG00000016771	0
ENSDARG00000039489	0
ENSDARG00000008542	0
ENSDARG00000104665	0
ENSDARG00000059437	0
ENSDARG00000004049	0
ENSDARG00000004017	0
ENSDARG00000045180	0
ENSDARG00000076945	0
ENSDARG00000058322	0
ENSDARG00000101518	0
ENSDARG00000102626	0
ENSDARG00000025420	0
ENSDARG00000054903	0
ENSDARG00000070674	0
ENSDARG00000070357	0
ENSDARG00000020258	0
ENSDARG00000014858	0
ENSDARG00000026448	0
ENSDARG00000043493	0
ENSDARG00000035556	0
ENSDARG00000075666	0
ENSDARG00000052082	0
ENSDARG00000052348	0
ENSDARG00000042527	0
ENSDARG00000075437	0
ENSDARG00000086391	0
ENSDARG00000076899	0
ENSDARG00000002002	0
ENSDARG00000056027	0
ENSDARG00000026985	0
ENSDARG00000006314	0
ENSDARG00000036722	0
ENSDARG00000074804	0
ENSDARG00000006169	0
ENSDARG00000042904	0
ENSDARG00000060236	0
ENSDARG00000042902	0
ENSDARG00000017058	0
ENSDARG00000042637	0
ENSDARG00000017321	0
ENSDARG00000037794	0
ENSDARG00000023920	0
ENSDARG00000034093	0
ENSDARG00000025567	0
ENSDARG00000056030	0
ENSDARG00000105214	0
ENSDARG00000002988	0
ENSDARG00000039098	0
ENSDARG00000097014	0
ENSDARG00000038847	0
ENSDARG00000102307	0
ENSDARG00000044422	0
ENSDARG00000102464	0
ENSDARG00000016936	1
ENSDARG00000067639	0
ENSDARG00000060165	0
ENSDARG00000053666	0
ENSDARG00000057853	1
ENSDARG00000042308	0
ENSDARG00000063177	0
ENSDARG00000103627	0
ENSDARG00000076484	0
ENSDARG00000010831	0
ENSDARG00000102180	0
ENSDARG00000061121	0
ENSDARG00000007869	0
ENSDARG00000076420	0
ENSDARG00000059925	0
ENSDARG00000100423	0
ENSDARG00000008678	0
ENSDARG00000102998	0
ENSDARG00000041609	0
ENSDARG00000023298	0
ENSDARG00000030494	0
ENSDARG00000086866	0
ENSDARG00000076227	0
ENSDARG00000041117	0
ENSDARG00000096546	0
ENSDARG00000013847	0
ENSDARG00000032761	0
ENSDARG00000008174	0
ENSDARG00000062177	0
ENSDARG00000014690	1
ENSDARG00000076831	0
ENSDARG00000027279	0
ENSDARG00000061479	0
ENSDARG00000045694	0
ENSDARG00000031222	0
ENSDARG00000061769	0
ENSDARG00000037570	0
ENSDARG00000039196	0
ENSDARG00000030975	0
ENSDARG00000073743	0
ENSDARG00000012982	0
ENSDARG00000104451	0
ENSDARG00000061794	0
ENSDARG00000021232	0
ENSDARG00000069014	0
ENSDARG00000068409	0
ENSDARG00000053493	1
ENSDARG00000070214	0
ENSDARG00000041450	0
ENSDARG00000016173	0
ENSDARG00000015752	0
ENSDARG00000105010	0
ENSDARG00000099871	0
ENSDARG00000037654	1
ENSDARG00000018260	1
ENSDARG00000025948	0
ENSDARG00000029291	0
ENSDARG00000079751	0
ENSDARG00000077039	0
ENSDARG00000102265	0
ENSDARG00000045146	0
ENSDARG00000077403	0
ENSDARG00000021987	0
ENSDARG00000044588	0
ENSDARG00000039434	0
ENSDARG00000004433	0
ENSDARG00000000503	0
ENSDARG00000068698	0
ENSDARG00000032126	0
ENSDARG00000052094	0
ENSDARG00000023026	0
ENSDARG00000076303	0
ENSDARG00000078624	0
ENSDARG00000077226	1
ENSDARG00000076510	0
ENSDARG00000017675	0
ENSDARG00000037491	0
ENSDARG00000007891	0
ENSDARG00000070677	0
ENSDARG00000017740	0
ENSDARG00000011948	0
ENSDARG00000016153	0
ENSDARG00000077620	0
ENSDARG00000079850	0
ENSDARG00000061472	0
ENSDARG00000070929	0
ENSDARG00000103308	0
ENSDARG00000017665	0
ENSDARG00000031420	0
ENSDARG00000016855	0
ENSDARG00000071524	0
ENSDARG00000042977	0
ENSDARG00000071090	0
ENSDARG00000007990	0
ENSDARG00000045611	0
ENSDARG00000055655	0
ENSDARG00000013855	0
ENSDARG00000073737	0
ENSDARG00000056623	0
ENSDARG00000040926	0
ENSDARG00000043317	0
ENSDARG00000041107	0
ENSDARG00000044048	0
ENSDARG00000013422	0
ENSDARG00000011027	0
ENSDARG00000019341	0
ENSDARG00000008434	0
ENSDARG00000063522	0
ENSDARG00000028699	0
ENSDARG00000042975	0
ENSDARG00000042535	0
ENSDARG00000056979	0
ENSDARG00000014098	0
ENSDARG00000023290	0
ENSDARG00000097734	0
ENSDARG00000032264	0
ENSDARG00000012572	0
ENSDARG00000006413	0
ENSDARG00000054610	0
ENSDARG00000026048	0
ENSDARG00000004184	0
ENSDARG00000060282	0
ENSDARG00000092662	0
ENSDARG00000062134	0
ENSDARG00000056920	0
ENSDARG00000069242	0
ENSDARG00000045543	0
ENSDARG00000070271	0
ENSDARG00000101380	0
ENSDARG00000013025	0
ENSDARG00000003469	0
ENSDARG00000074761	0
ENSDARG00000007329	1
ENSDARG00000021669	0
ENSDARG00000058342	0
ENSDARG00000070256	0
ENSDARG00000035909	0
ENSDARG00000009953	1
ENSDARG00000011257	0
ENSDARG00000094892	0
ENSDARG00000070670	0
ENSDARG00000061226	0
ENSDARG00000063097	0
ENSDARG00000098738	0
ENSDARG00000035557	0
ENSDARG00000032630	0
ENSDARG00000093058	0
ENSDARG00000090039	0
ENSDARG00000029476	0
ENSDARG00000094673	0
ENSDARG00000090170	1
ENSDARG00000016200	0
ENSDARG00000045808	0
ENSDARG00000016999	0
ENSDARG00000079027	1
ENSDARG00000039217	0
ENSDARG00000023963	0
ENSDARG00000008186	0
ENSDARG00000103959	0
ENSDARG00000017696	0
ENSDARG00000075500	0
ENSDARG00000013705	0
ENSDARG00000027803	0
ENSDARG00000059680	0
ENSDARG00000027807	0
ENSDARG00000043923	1
ENSDARG00000006865	0
ENSDARG00000053279	0
ENSDARG00000088383	0
ENSDARG00000025011	0
ENSDARG00000000241	0
ENSDARG00000014091	1
ENSDARG00000070081	0
ENSDARG00000055226	0
ENSDARG00000003699	0
ENSDARG00000092696	0
ENSDARG00000092136	0
ENSDARG00000020711	0
ENSDARG00000100232	0
ENSDARG00000102040	0
ENSDARG00000102277	0
ENSDARG00000006524	0
ENSDARG00000005368	0
ENSDARG00000040070	0
ENSDARG00000091342	0
ENSDARG00000038805	0
ENSDARG00000006818	0
ENSDARG00000063297	0
ENSDARG00000070494	0
ENSDARG00000087893	0
ENSDARG00000045308	0
ENSDARG00000002587	0
ENSDARG00000061527	0
ENSDARG00000015906	0
ENSDARG00000026766	0
ENSDARG00000007369	0
ENSDARG00000015002	0
ENSDARG00000019367	0
ENSDARG00000004078	0
ENSDARG00000002167	0
ENSDARG00000017180	0
ENSDARG00000030694	0
ENSDARG00000015623	0
ENSDARG00000017844	0
ENSDARG00000035285	0
ENSDARG00000040730	0
ENSDARG00000026348	0
ENSDARG00000004415	0
ENSDARG00000093714	0
ENSDARG00000076060	0
ENSDARG00000060012	0
ENSDARG00000020606	0
ENSDARG00000075380	0
ENSDARG00000059794	0
ENSDARG00000013415	0
ENSDARG00000004325	0
ENSDARG00000054154	0
ENSDARG00000102452	0
ENSDARG00000013295	0
ENSDARG00000059866	0
ENSDARG00000029019	0
ENSDARG00000075017	0
ENSDARG00000103176	0
ENSDARG00000075821	0
ENSDARG00000061699	0
ENSDARG00000104483	0
ENSDARG00000020201	0
ENSDARG00000056653	0
ENSDARG00000009738	0
ENSDARG00000011564	0
ENSDARG00000005774	0
ENSDARG00000061974	0
ENSDARG00000036279	0
ENSDARG00000071551	0
ENSDARG00000019746	0
ENSDARG00000004561	0
ENSDARG00000030215	0
ENSDARG00000010655	0
ENSDARG00000032431	0
ENSDARG00000002347	0
ENSDARG00000104230	1
ENSDARG00000103988	0
ENSDARG00000059006	0
ENSDARG00000035559	0
ENSDARG00000031715	0
ENSDARG00000026531	0
ENSDARG00000059858	0
ENSDARG00000007356	0
ENSDARG00000077840	0
ENSDARG00000006092	0
ENSDARG00000056125	0
ENSDARG00000078106	0
ENSDARG00000055357	0
ENSDARG00000086117	0
ENSDARG00000099478	0
ENSDARG00000042128	0
ENSDARG00000022048	0
ENSDARG00000053113	0
ENSDARG00000076182	0
ENSDARG00000001788	0
ENSDARG00000017329	0
ENSDARG00000095322	0
ENSDARG00000006900	0
ENSDARG00000095879	0
ENSDARG00000008735	0
ENSDARG00000017119	0
ENSDARG00000075621	0
ENSDARG00000102820	0
ENSDARG00000013307	0
ENSDARG00000035622	0
ENSDARG00000071548	0
ENSDARG00000035966	0
ENSDARG00000098359	0
ENSDARG00000098639	0
ENSDARG00000032976	0
ENSDARG00000014230	0
ENSDARG00000037350	0
ENSDARG00000003462	0
ENSDARG00000040666	0
ENSDARG00000012513	0
ENSDARG00000042458	0
ENSDARG00000078335	0
ENSDARG00000042934	1
ENSDARG00000038672	1
ENSDARG00000069252	0
ENSDARG00000054619	1
ENSDARG00000028475	0
ENSDARG00000092947	0
ENSDARG00000100481	0
ENSDARG00000002779	0
ENSDARG00000058200	0
ENSDARG00000004232	0
ENSDARG00000044573	0
ENSDARG00000004105	0
ENSDARG00000009782	0
ENSDARG00000057096	0
ENSDARG00000028937	0
ENSDARG00000052866	0
ENSDARG00000040955	0
ENSDARG00000013457	0
ENSDARG00000055825	0
ENSDARG00000070849	0
ENSDARG00000042724	0
ENSDARG00000022569	0
ENSDARG00000034375	0
ENSDARG00000042151	0
ENSDARG00000015611	0
ENSDARG00000071498	0
ENSDARG00000091911	0
ENSDARG00000040614	0
ENSDARG00000014796	0
ENSDARG00000041869	0
ENSDARG00000003399	0
ENSDARG00000031761	0
ENSDARG00000033551	0
ENSDARG00000021195	0
ENSDARG00000071208	0
ENSDARG00000017798	0
ENSDARG00000018958	0
ENSDARG00000042005	0
ENSDARG00000104453	0
ENSDARG00000019371	0
ENSDARG00000043665	0
ENSDARG00000070080	0
ENSDARG00000068516	0
ENSDARG00000077300	0
ENSDARG00000051754	0
ENSDARG00000076472	0
ENSDARG00000098344	0
ENSDARG00000100584	1
ENSDARG00000008818	0
ENSDARG00000018904	0
ENSDARG00000043332	0
ENSDARG00000054103	0
ENSDARG00000054374	0
ENSDARG00000102624	0
ENSDARG00000101983	0
ENSDARG00000002210	0
ENSDARG00000003151	0
ENSDARG00000041895	0
ENSDARG00000097827	0
ENSDARG00000105045	0
ENSDARG00000016156	0
ENSDARG00000077103	0
ENSDARG00000070425	1
ENSDARG00000099936	0
ENSDARG00000032324	0
ENSDARG00000024189	0
ENSDARG00000061738	0
ENSDARG00000094729	0
ENSDARG00000060481	0
ENSDARG00000096995	0
ENSDARG00000068370	0
ENSDARG00000062579	1
ENSDARG00000073665	0
ENSDARG00000060767	0
ENSDARG00000045301	0
ENSDARG00000042660	0
ENSDARG00000003938	0
ENSDARG00000011693	0
ENSDARG00000052091	0
ENSDARG00000000779	0
ENSDARG00000045626	0
ENSDARG00000055618	0
ENSDARG00000100844	0
ENSDARG00000068365	0
ENSDARG00000028542	0
ENSDARG00000042621	0
ENSDARG00000002552	0
ENSDARG00000045641	0
ENSDARG00000070435	0
ENSDARG00000026109	0
ENSDARG00000070013	0
ENSDARG00000038446	0
ENSDARG00000008592	0
ENSDARG00000034344	0
ENSDARG00000002710	0
ENSDARG00000029764	0
ENSDARG00000043531	0
ENSDARG00000103953	1
ENSDARG00000030125	0
ENSDARG00000038518	0
ENSDARG00000042894	0
ENSDARG00000042667	0
ENSDARG00000062601	0
ENSDARG00000027423	0
ENSDARG00000024537	0
ENSDARG00000019579	0
ENSDARG00000096095	0
ENSDARG00000024204	0
ENSDARG00000005315	0
ENSDARG00000031246	0
ENSDARG00000103697	0
ENSDARG00000006316	0
ENSDARG00000030786	0
ENSDARG00000004672	0
ENSDARG00000058806	0
ENSDARG00000042826	0
ENSDARG00000013860	0
ENSDARG00000053728	0
ENSDARG00000102184	1
ENSDARG00000009871	0
ENSDARG00000075713	0
ENSDARG00000027649	0
ENSDARG00000019144	0
ENSDARG00000015325	0
ENSDARG00000076974	0
ENSDARG00000042282	0
ENSDARG00000059233	0
ENSDARG00000099348	0
ENSDARG00000074597	0
ENSDARG00000004015	0
ENSDARG00000007715	0
ENSDARG00000007172	0
ENSDARG00000020085	0
ENSDARG00000044601	0
ENSDARG00000001939	0
ENSDARG00000073710	0
ENSDARG00000003845	0
ENSDARG00000071418	0
ENSDARG00000041870	0
ENSDARG00000016350	0
ENSDARG00000021555	0
ENSDARG00000037556	0
ENSDARG00000034771	0
ENSDARG00000025891	0
ENSDARG00000061544	0
ENSDARG00000036670	0
ENSDARG00000094204	0
ENSDARG00000052150	1
ENSDARG00000007217	0
ENSDARG00000069922	0
ENSDARG00000035954	0
ENSDARG00000042707	0
ENSDARG00000069926	0
ENSDARG00000015515	0
ENSDARG00000021889	0
ENSDARG00000027234	0
ENSDARG00000075949	0
ENSDARG00000018574	0
ENSDARG00000055505	0
ENSDARG00000078784	0
ENSDARG00000078864	0
ENSDARG00000019572	0
ENSDARG00000028845	0
ENSDARG00000069101	0
ENSDARG00000061752	0
ENSDARG00000058638	0
ENSDARG00000035957	0
ENSDARG00000033999	1
ENSDARG00000061351	0
ENSDARG00000019815	0
ENSDARG00000042041	0
ENSDARG00000060298	0
ENSDARG00000088290	0
ENSDARG00000070769	0
ENSDARG00000036993	0
ENSDARG00000014522	0
ENSDARG00000061195	0
ENSDARG00000030267	0
ENSDARG00000006110	1
ENSDARG00000091293	0
ENSDARG00000071062	0
ENSDARG00000019920	0
ENSDARG00000011973	0
ENSDARG00000103589	0
ENSDARG00000019838	1
ENSDARG00000011188	0
ENSDARG00000090232	0
ENSDARG00000054578	1
ENSDARG00000052652	0
ENSDARG00000007406	0
ENSDARG00000044405	0
ENSDARG00000056995	0
ENSDARG00000041430	0
ENSDARG00000025147	0
ENSDARG00000034700	0
ENSDARG00000010434	0
ENSDARG00000017355	0
ENSDARG00000078733	0
ENSDARG00000104222	0
ENSDARG00000057577	0
ENSDARG00000090654	0
ENSDARG00000035860	0
ENSDARG00000023058	0
ENSDARG00000045843	0
ENSDARG00000086218	0
ENSDARG00000055151	0
ENSDARG00000103409	0
ENSDARG00000069984	0
ENSDARG00000096278	0
ENSDARG00000096299	0
ENSDARG00000070913	0
ENSDARG00000036375	0
ENSDARG00000013174	0
ENSDARG00000014685	1
ENSDARG00000089724	0
ENSDARG00000032631	0
ENSDARG00000099395	0
ENSDARG00000079266	0
ENSDARG00000032234	0
ENSDARG00000062338	0
ENSDARG00000011146	0
ENSDARG00000021442	0
ENSDARG00000019300	0
ENSDARG00000039400	0
ENSDARG00000022968	0
ENSDARG00000026499	0
ENSDARG00000006124	0
ENSDARG00000102750	0
ENSDARG00000017320	0
ENSDARG00000023002	0
ENSDARG00000055158	0
ENSDARG00000045776	0
ENSDARG00000007220	0
ENSDARG00000004372	0
ENSDARG00000053248	0
ENSDARG00000075549	0
ENSDARG00000041411	0
ENSDARG00000044153	0
ENSDARG00000007149	0
ENSDARG00000036116	0
ENSDARG00000011166	0
ENSDARG00000031434	0
ENSDARG00000098916	0
ENSDARG00000012896	0
ENSDARG00000040131	0
ENSDARG00000063288	0
ENSDARG00000078187	0
ENSDARG00000099972	0
ENSDARG00000069989	0
ENSDARG00000101322	0
ENSDARG00000043135	0
ENSDARG00000034893	1
ENSDARG00000014479	0
ENSDARG00000102995	0
ENSDARG00000104478	0
ENSDARG00000014571	0
ENSDARG00000027397	0
ENSDARG00000076994	0
ENSDARG00000090664	0
ENSDARG00000096415	0
ENSDARG00000054438	0
ENSDARG00000105071	0
ENSDARG00000078725	0
ENSDARG00000008398	0
ENSDARG00000102328	0
ENSDARG00000101009	0
ENSDARG00000033854	0
ENSDARG00000030364	0
ENSDARG00000052482	0
ENSDARG00000002731	0
ENSDARG00000011696	0
ENSDARG00000077045	0
ENSDARG00000010710	0
ENSDARG00000013430	0
ENSDARG00000024416	0
ENSDARG00000098946	0
ENSDARG00000099481	0
ENSDARG00000091760	0
ENSDARG00000078802	0
ENSDARG00000060734	0
ENSDARG00000035682	0
ENSDARG00000011066	0
ENSDARG00000098107	0
ENSDARG00000098801	0
ENSDARG00000101244	0
ENSDARG00000105003	0
ENSDARG00000040387	0
ENSDARG00000076763	0
ENSDARG00000102211	0
ENSDARG00000078055	0
ENSDARG00000105037	0
ENSDARG00000098439	0
ENSDARG00000014891	0
ENSDARG00000058476	0
ENSDARG00000039512	0
ENSDARG00000099274	0
ENSDARG00000023472	0
ENSDARG00000099465	0
ENSDARG00000005374	0
ENSDARG00000010844	0
ENSDARG00000076724	1
ENSDARG00000100981	0
ENSDARG00000057465	0
ENSDARG00000036844	0
ENSDARG00000035133	0
ENSDARG00000007430	0
ENSDARG00000091563	0
ENSDARG00000089861	0
ENSDARG00000100287	0
ENSDARG00000101258	0
ENSDARG00000104400	0
ENSDARG00000041215	0
ENSDARG00000087953	0
ENSDARG00000104484	0
ENSDARG00000006288	0
ENSDARG00000099781	0
ENSDARG00000027501	0
ENSDARG00000104790	0
ENSDARG00000076440	0
ENSDARG00000036548	0
ENSDARG00000015851	0
ENSDARG00000004161	0
ENSDARG00000100290	0
ENSDARG00000036096	0
ENSDARG00000041502	0
ENSDARG00000029204	0
ENSDARG00000052344	0
ENSDARG00000058999	0
ENSDARG00000079012	0
ENSDARG00000017217	0
ENSDARG00000051956	0
ENSDARG00000080453	0
ENSDARG00000035054	0
ENSDARG00000007438	0
ENSDARG00000089368	0
ENSDARG00000069830	0
ENSDARG00000100437	0
ENSDARG00000088805	0
ENSDARG00000046019	0
ENSDARG00000013009	0
ENSDARG00000006640	0
ENSDARG00000099889	0
ENSDARG00000007641	0
ENSDARG00000099161	0
ENSDARG00000105056	0
ENSDARG00000102798	0
ENSDARG00000089805	0
ENSDARG00000078416	0
ENSDARG00000045959	0
ENSDARG00000079964	0
ENSDARG00000076870	0
ENSDARG00000102167	1
ENSDARG00000012395	0
ENSDARG00000074431	0
ENSDARG00000037362	0
ENSDARG00000059279	0
ENSDARG00000020850	0
ENSDARG00000068064	0
ENSDARG00000045968	0
ENSDARG00000102483	0
ENSDARG00000100940	0
ENSDARG00000067913	0
ENSDARG00000104735	0
ENSDARG00000073848	0
ENSDARG00000015638	0
ENSDARG00000102012	0
ENSDARG00000062632	0
ENSDARG00000038006	1
ENSDARG00000079922	0
ENSDARG00000099390	0
ENSDARG00000079201	0
ENSDARG00000013125	0
ENSDARG00000099483	0
ENSDARG00000099088	1
ENSDARG00000089307	0
ENSDARG00000103592	0
ENSDARG00000009484	0
ENSDARG00000039601	0
ENSDARG00000059510	0
ENSDARG00000042845	0
ENSDARG00000016112	0
ENSDARG00000036005	0
ENSDARG00000100028	0
ENSDARG00000104069	0
ENSDARG00000100322	0
ENSDARG00000098913	0
ENSDARG00000011404	0
ENSDARG00000101279	0
ENSDARG00000034604	0
ENSDARG00000025372	0
ENSDARG00000026376	0
ENSDARG00000010238	0
ENSDARG00000105286	0
ENSDARG00000087337	0
ENSDARG00000099279	0
ENSDARG00000098237	0
ENSDARG00000101089	0
ENSDARG00000088255	0
ENSDARG00000090971	0
ENSDARG00000100562	0
ENSDARG00000038312	0
ENSDARG00000009170	0
ENSDARG00000104118	0
ENSDARG00000103320	0
ENSDARG00000015879	0
ENSDARG00000102793	0
ENSDARG00000099226	0
ENSDARG00000099197	0
ENSDARG00000045946	1
ENSDARG00000075729	0
ENSDARG00000019442	0
ENSDARG00000074740	0
ENSDARG00000037195	0
ENSDARG00000075180	0
ENSDARG00000003971	0
ENSDARG00000074185	0
ENSDARG00000100252	1
ENSDARG00000045353	0
ENSDARG00000099663	0
ENSDARG00000044010	0
ENSDARG00000101844	0
ENSDARG00000025375	0
ENSDARG00000018334	1
ENSDARG00000062915	0
ENSDARG00000006467	0
ENSDARG00000051920	0
ENSDARG00000079323	0
ENSDARG00000043509	0
ENSDARG00000008322	0
ENSDARG00000020884	0
ENSDARG00000098733	0
ENSDARG00000101919	0
ENSDARG00000031126	0
ENSDARG00000087196	1
ENSDARG00000099746	0
ENSDARG00000101717	0
ENSDARG00000088595	0
ENSDARG00000103468	0
ENSDARG00000032353	0
ENSDARG00000035095	0
ENSDARG00000098432	0
ENSDARG00000013881	1
ENSDARG00000091326	0
ENSDARG00000099564	0
ENSDARG00000017891	0
ENSDARG00000052553	0
ENSDARG00000105231	0
ENSDARG00000101701	0
ENSDARG00000104573	0
ENSDARG00000104853	0
ENSDARG00000014488	0
ENSDARG00000079624	0
ENSDARG00000098438	0
ENSDARG00000088810	0
ENSDARG00000101592	0
ENSDARG00000077842	0
ENSDARG00000099175	0
ENSDARG00000039077	0
ENSDARG00000104347	1
ENSDARG00000026784	0
ENSDARG00000045958	0
ENSDARG00000085786	0
ENSDARG00000098834	0
ENSDARG00000005791	0
ENSDARG00000100597	0
ENSDARG00000101766	0
ENSDARG00000006921	0
ENSDARG00000042014	0
ENSDARG00000100475	0
ENSDARG00000099431	0
ENSDARG00000007561	0
ENSDARG00000100467	0
ENSDARG00000017121	0
ENSDARG00000104348	0
ENSDARG00000104945	0
ENSDARG00000038191	0
ENSDARG00000087646	0
ENSDARG00000089334	0
ENSDARG00000103981	1
ENSDARG00000089434	0
ENSDARG00000077815	0
ENSDARG00000079605	0
ENSDARG00000028348	1
ENSDARG00000079730	0
ENSDARG00000087377	0
ENSDARG00000101706	0
ENSDARG00000100591	0
ENSDARG00000013828	0
ENSDARG00000006757	0
ENSDARG00000100664	0
ENSDARG00000104973	0
ENSDARG00000013649	0
ENSDARG00000101090	0
ENSDARG00000102742	0
ENSDARG00000069473	1
ENSDARG00000101735	0
ENSDARG00000067829	0
ENSDARG00000062552	0
ENSDARG00000101814	0
ENSDARG00000028071	1
ENSDARG00000056175	0
ENSDARG00000060109	0
ENSDARG00000068732	0
ENSDARG00000020863	0
ENSDARG00000078139	0
ENSDARG00000062936	0
ENSDARG00000060081	0
ENSDARG00000058822	0
ENSDARG00000078214	0
ENSDARG00000020493	0
ENSDARG00000104441	0
ENSDARG00000032584	0
ENSDARG00000060808	0
ENSDARG00000105237	0
ENSDARG00000103083	0
ENSDARG00000003398	0
ENSDARG00000099080	0
ENSDARG00000102066	0
ENSDARG00000088157	0
ENSDARG00000059871	0
ENSDARG00000099637	1
ENSDARG00000061031	0
ENSDARG00000017315	0
ENSDARG00000102260	0
ENSDARG00000036629	0
ENSDARG00000099195	0
ENSDARG00000005456	0
ENSDARG00000101076	0
ENSDARG00000077777	0
ENSDARG00000044812	0
ENSDARG00000011094	0
ENSDARG00000076624	0
ENSDARG00000103846	0
ENSDARG00000102505	0
ENSDARG00000077304	0
ENSDARG00000067801	0
ENSDARG00000104795	0
ENSDARG00000043241	0
ENSDARG00000004405	0
ENSDARG00000069361	0
ENSDARG00000075113	0
ENSDARG00000104765	0
ENSDARG00000059774	0
ENSDARG00000009825	0
ENSDARG00000001929	0
ENSDARG00000023236	0
ENSDARG00000036473	0
ENSDARG00000103591	0
ENSDARG00000102393	0
ENSDARG00000003250	0
ENSDARG00000099939	0
ENSDARG00000103357	0
ENSDARG00000101908	0
ENSDARG00000002510	0
ENSDARG00000010596	0
ENSDARG00000101915	0
ENSDARG00000086455	0
ENSDARG00000035544	0
ENSDARG00000103934	0
ENSDARG00000098312	0
